sku,item_type,name,material,size_mm,hole_size_mm,color,design,alphabet_character,unit_of_measure,units_per_pack,location_bin,on_hand_usable,on_hand_quarantine,reserved,safety_buffer,supplier,supplier_reference,landed_unit_cost_minor,currency,weight_g,compatibility_notes,counted_at,counted_by,source_photo_reference
PEN-BLANK-SLV,pen,Beadable Ballpoint Pen Blank - Silver Finish,Zinc Alloy / Stainless Rod,140,2.5,Silver,Classic Sleek Rod,,piece,1,BIN-PEN-01,250,0,0,30,CraftSupplyDirect,CSD-PEN-SLV-100,45,USD,14.2,Fits beads with >=2.0mm hole. 2.5mm threaded mandrel rod.,2026-10-06T09:30:00Z,Pam Beesley,PHOTO-HARDWARE-01.jpg
PEN-BLANK-RGD,pen,Beadable Ballpoint Pen Blank - Rose Gold Finish,Zinc Alloy / Stainless Rod,140,2.5,Rose Gold,Classic Sleek Rod,,piece,1,BIN-PEN-02,220,0,0,30,CraftSupplyDirect,CSD-PEN-RGD-100,48,USD,14.2,Fits beads with >=2.0mm hole. 2.5mm threaded mandrel rod.,2026-10-06T09:30:00Z,Pam Beesley,PHOTO-HARDWARE-01.jpg
PEN-BLANK-GLD,pen,Beadable Ballpoint Pen Blank - Gold Finish,Zinc Alloy / Stainless Rod,140,2.5,Yellow Gold,Classic Sleek Rod,,piece,1,BIN-PEN-03,180,0,0,25,CraftSupplyDirect,CSD-PEN-GLD-100,48,USD,14.2,Fits beads with >=2.0mm hole. 2.5mm threaded mandrel rod.,2026-10-06T09:30:00Z,Pam Beesley,PHOTO-HARDWARE-01.jpg
PEN-BLANK-BLK,pen,Beadable Ballpoint Pen Blank - Matte Black Finish,Zinc Alloy / Stainless Rod,140,2.5,Matte Black,Classic Sleek Rod,,piece,1,BIN-PEN-04,160,0,0,20,CraftSupplyDirect,CSD-PEN-BLK-100,46,USD,14.2,Fits beads with >=2.0mm hole. 2.5mm threaded mandrel rod.,2026-10-06T09:30:00Z,Pam Beesley,PHOTO-HARDWARE-01.jpg
KEY-CLASP-SLV,hardware,Swivel Lobster Clasp & Split Keyring - Silver,Iron Alloy / Nickel-free,65,3.0,Silver,Swivel Lobster + 30mm Ring,,piece,1,BIN-HDW-01,350,0,0,45,HardwareDepotPro,HDP-KEY-SLV-50,35,USD,9.5,3.0mm eyelet ring; compatible with 1.0mm-1.5mm cord and chain.,2026-10-06T09:30:00Z,Pam Beesley,PHOTO-HARDWARE-02.jpg
KEY-CLASP-RGD,hardware,Swivel Lobster Clasp & Split Keyring - Rose Gold,Iron Alloy / Nickel-free,65,3.0,Rose Gold,Swivel Lobster + 30mm Ring,,piece,1,BIN-HDW-02,280,0,0,35,HardwareDepotPro,HDP-KEY-RGD-50,38,USD,9.5,3.0mm eyelet ring; compatible with 1.0mm-1.5mm cord and chain.,2026-10-06T09:30:00Z,Pam Beesley,PHOTO-HARDWARE-02.jpg
KEY-CLASP-GLD,hardware,Swivel Lobster Clasp & Split Keyring - Gold,Iron Alloy / Nickel-free,65,3.0,Gold,Swivel Lobster + 30mm Ring,,piece,1,BIN-HDW-03,240,0,0,30,HardwareDepotPro,HDP-KEY-GLD-50,38,USD,9.5,3.0mm eyelet ring; compatible with 1.0mm-1.5mm cord and chain.,2026-10-06T09:30:00Z,Pam Beesley,PHOTO-HARDWARE-02.jpg
KEY-CLASP-BLK,hardware,Swivel Lobster Clasp & Split Keyring - Matte Black,Iron Alloy / Nickel-free,65,3.0,Matte Black,Swivel Lobster + 30mm Ring,,piece,1,BIN-HDW-04,210,0,0,25,HardwareDepotPro,HDP-KEY-BLK-50,37,USD,9.5,3.0mm eyelet ring; compatible with 1.0mm-1.5mm cord and chain.,2026-10-06T09:30:00Z,Pam Beesley,PHOTO-HARDWARE-02.jpg
CRD-ELAST-1MM,cord,Heavy-Duty Clear Elastic Stretch Cord (1.0mm),TPU Silicone Elastomer,1,0.0,Crystal Clear,Solid Strand,,piece,1,BIN-CRD-01,1200,0,0,150,BeadalonBoutique,BBL-CRD-10-100M,5,USD,0.8,Pre-cut 12-inch strands. Tested knot retention with surgeon knot.,2026-10-06T09:30:00Z,Pam Beesley,PHOTO-SUPPLIES-01.jpg
FOC-TAY-HEART,focal,Silicone Focal Bead - Friendship Heart Sunglasses,Food-Grade Silicone,28,2.5,Pastel Pink / White,Retro Heart Sunglasses,,piece,1,BIN-FOC-01,180,0,0,25,SiliconeCraftsUSA,SCU-FOC-HEART-50,52,USD,4.8,2.5mm center hole fits pen rod and 1.0mm elastic cord.,2026-10-06T09:30:00Z,Pam Beesley,PHOTO-FOCALS-01.jpg
FOC-TAY-DISCO,focal,Silicone Focal Bead - Sparkling Mirror Disco Ball,Food-Grade Silicone,24,2.5,Silver Glitter / Grey,Faceted Disco Sphere,,piece,1,BIN-FOC-02,175,0,0,25,SiliconeCraftsUSA,SCU-FOC-DISCO-50,55,USD,4.2,2.5mm center hole fits pen rod and 1.0mm elastic cord.,2026-10-06T09:30:00Z,Pam Beesley,PHOTO-FOCALS-01.jpg
FOC-BOHO-SUN,focal,Silicone Focal Bead - Desert Sunburst,Food-Grade Silicone,26,2.5,Terracotta / Mustard,Rising Sun Geometric,,piece,1,BIN-FOC-03,160,0,0,20,SiliconeCraftsUSA,SCU-FOC-SUN-50,50,USD,4.5,2.5mm center hole fits pen rod and 1.0mm elastic cord.,2026-10-06T09:30:00Z,Pam Beesley,PHOTO-FOCALS-02.jpg
FOC-BOHO-CACT,focal,Silicone Focal Bead - Saguaro Blossom Cactus,Food-Grade Silicone,30,2.5,Sage Green / Desert Rose,Desert Saguaro Flower,,piece,1,BIN-FOC-04,155,0,0,20,SiliconeCraftsUSA,SCU-FOC-CACT-50,52,USD,4.9,2.5mm center hole fits pen rod and 1.0mm elastic cord.,2026-10-06T09:30:00Z,Pam Beesley,PHOTO-FOCALS-02.jpg
FOC-NEON-SMILE,focal,Silicone Focal Bead - Neon Retro Daisy Smiley,Food-Grade Silicone,26,2.5,Neon Yellow / White,Daisy Smiley Face,,piece,1,BIN-FOC-05,190,0,0,25,SiliconeCraftsUSA,SCU-FOC-SMILE-50,48,USD,4.3,2.5mm center hole fits pen rod and 1.0mm elastic cord.,2026-10-06T09:30:00Z,Pam Beesley,PHOTO-FOCALS-03.jpg
FOC-NEON-STAR,focal,Silicone Focal Bead - Neon Electric Starburst,Food-Grade Silicone,25,2.5,Hot Pink / Electric Blue,Groovy Starburst,,piece,1,BIN-FOC-06,170,0,0,25,SiliconeCraftsUSA,SCU-FOC-STAR-50,49,USD,4.1,2.5mm center hole fits pen rod and 1.0mm elastic cord.,2026-10-06T09:30:00Z,Pam Beesley,PHOTO-FOCALS-03.jpg
FOC-PRN-CROWN,focal,Silicone Focal Bead - Fairytale Princess Tiara,Food-Grade Silicone,28,2.5,Lilac / Gold Pearl,Princess Crown Tiara,,piece,1,BIN-FOC-07,165,0,0,20,SiliconeCraftsUSA,SCU-FOC-CROWN-50,54,USD,4.7,2.5mm center hole fits pen rod and 1.0mm elastic cord.,2026-10-06T09:30:00Z,Pam Beesley,PHOTO-FOCALS-04.jpg
FOC-PRN-BUTTR,focal,Silicone Focal Bead - Monarch Fairy Butterfly,Food-Grade Silicone,28,2.5,Soft Peach / Iridescent,Spread-wing Butterfly,,piece,1,BIN-FOC-08,160,0,0,20,SiliconeCraftsUSA,SCU-FOC-BUTTR-50,53,USD,4.6,2.5mm center hole fits pen rod and 1.0mm elastic cord.,2026-10-06T09:30:00Z,Pam Beesley,PHOTO-FOCALS-04.jpg
FOC-FALL-PUMP,focal,Silicone Focal Bead - Santa Fe Autumn Pumpkin,Food-Grade Silicone,25,2.5,Spiced Orange / Caramel,Grooved Fall Pumpkin,,piece,1,BIN-FOC-09,210,0,0,30,SiliconeCraftsUSA,SCU-FOC-PUMP-50,48,USD,4.4,Booth & Fall special. Fits pen and cord.,2026-10-06T09:30:00Z,Pam Beesley,PHOTO-FOCALS-05.jpg
FOC-FALL-LEAF,focal,Silicone Focal Bead - Golden Maple Leaf,Food-Grade Silicone,26,2.5,Burnt Amber / Gold,Maple Leaf Contour,,piece,1,BIN-FOC-10,200,0,0,30,SiliconeCraftsUSA,SCU-FOC-LEAF-50,48,USD,4.2,Booth & Fall special. Fits pen and cord.,2026-10-06T09:30:00Z,Pam Beesley,PHOTO-FOCALS-05.jpg
RND-15MM-PSTLPK,bead,Round Silicone Accent Bead 15mm - Pastel Pink,Food-Grade Silicone,15,2.5,Pastel Pink,Solid Satin Matte,,piece,1,BIN-BEAD-01,950,0,0,100,SiliconeCraftsUSA,SCU-RND-15-PK-100,14,USD,1.9,Standard 15mm spacer. Fits pen rod and elastic cord.,2026-10-06T09:30:00Z,Pam Beesley,PHOTO-BEADS-01.jpg
RND-15MM-MINT,bead,Round Silicone Accent Bead 15mm - Fresh Mint,Food-Grade Silicone,15,2.5,Fresh Mint,Solid Satin Matte,,piece,1,BIN-BEAD-02,900,0,0,100,SiliconeCraftsUSA,SCU-RND-15-MT-100,14,USD,1.9,Standard 15mm spacer. Fits pen rod and elastic cord.,2026-10-06T09:30:00Z,Pam Beesley,PHOTO-BEADS-01.jpg
RND-15MM-LILAC,bead,Round Silicone Accent Bead 15mm - Soft Lilac,Food-Grade Silicone,15,2.5,Soft Lilac,Solid Satin Matte,,piece,1,BIN-BEAD-03,880,0,0,100,SiliconeCraftsUSA,SCU-RND-15-LC-100,14,USD,1.9,Standard 15mm spacer. Fits pen rod and elastic cord.,2026-10-06T09:30:00Z,Pam Beesley,PHOTO-BEADS-01.jpg
RND-15MM-SAGE,bead,Round Silicone Accent Bead 15mm - Desert Sage,Food-Grade Silicone,15,2.5,Desert Sage,Solid Satin Matte,,piece,1,BIN-BEAD-04,820,0,0,90,SiliconeCraftsUSA,SCU-RND-15-SG-100,14,USD,1.9,Standard 15mm spacer. Fits pen rod and elastic cord.,2026-10-06T09:30:00Z,Pam Beesley,PHOTO-BEADS-02.jpg
RND-15MM-TERRA,bead,Round Silicone Accent Bead 15mm - Terracotta Clay,Food-Grade Silicone,15,2.5,Terracotta,Solid Satin Matte,,piece,1,BIN-BEAD-05,800,0,0,90,SiliconeCraftsUSA,SCU-RND-15-TC-100,14,USD,1.9,Standard 15mm spacer. Fits pen rod and elastic cord.,2026-10-06T09:30:00Z,Pam Beesley,PHOTO-BEADS-02.jpg
RND-15MM-NEONYL,bead,Round Silicone Accent Bead 15mm - Electric Yellow,Food-Grade Silicone,15,2.5,Electric Yellow,Solid Vibrant Matte,,piece,1,BIN-BEAD-06,750,0,0,80,SiliconeCraftsUSA,SCU-RND-15-EY-100,14,USD,1.9,Standard 15mm spacer. Fits pen rod and elastic cord.,2026-10-06T09:30:00Z,Pam Beesley,PHOTO-BEADS-03.jpg
RND-15MM-HOTPK,bead,Round Silicone Accent Bead 15mm - Neon Hot Pink,Food-Grade Silicone,15,2.5,Neon Hot Pink,Solid Vibrant Matte,,piece,1,BIN-BEAD-07,780,0,0,80,SiliconeCraftsUSA,SCU-RND-15-HP-100,14,USD,1.9,Standard 15mm spacer. Fits pen rod and elastic cord.,2026-10-06T09:30:00Z,Pam Beesley,PHOTO-BEADS-03.jpg
RND-15MM-AMBER,bead,Round Silicone Accent Bead 15mm - Autumn Amber,Food-Grade Silicone,15,2.5,Autumn Amber,Solid Satin Matte,,piece,1,BIN-BEAD-08,850,0,0,90,SiliconeCraftsUSA,SCU-RND-15-AM-100,14,USD,1.9,Standard 15mm spacer. Fits pen rod and elastic cord.,2026-10-06T09:30:00Z,Pam Beesley,PHOTO-BEADS-04.jpg
RND-12MM-WHT,bead,Round Silicone Bead 12mm - Pure White,Food-Grade Silicone,12,2.5,Pure White,Solid Satin Matte,,piece,1,BIN-BEAD-09,1400,0,0,150,SiliconeCraftsUSA,SCU-RND-12-WH-100,10,USD,1.1,Universal spacer bead for pens and bracelets.,2026-10-06T09:30:00Z,Pam Beesley,PHOTO-BEADS-05.jpg
RND-12MM-GLTRSLV,bead,Round Silicone Bead 12mm - Silver Glitter Sparkle,Food-Grade Silicone / Glitter,12,2.5,Silver Glitter,Translucent Sparkle,,piece,1,BIN-BEAD-10,950,0,0,100,SiliconeCraftsUSA,SCU-RND-12-GS-100,12,USD,1.1,Universal spacer bead with fine glitter infusion.,2026-10-06T09:30:00Z,Pam Beesley,PHOTO-BEADS-05.jpg
RND-12MM-GLTRGLD,bead,Round Silicone Bead 12mm - Gold Glitter Sparkle,Food-Grade Silicone / Glitter,12,2.5,Gold Glitter,Translucent Sparkle,,piece,1,BIN-BEAD-11,890,0,0,100,SiliconeCraftsUSA,SCU-RND-12-GG-100,12,USD,1.1,Universal spacer bead with fine glitter infusion.,2026-10-06T09:30:00Z,Pam Beesley,PHOTO-BEADS-05.jpg
SPC-RON-8MM-SLV,bead,Rhinestone Rondelle Spacer Bead 8mm - Silver,Zinc Alloy / Crystal Rhinestone,8,2.2,Silver / Clear Crystal,Faceted Wheel Ring,,piece,1,BIN-BEAD-12,1600,0,0,180,GlamBeadWholesale,GBW-RON-08-SLV,6,USD,0.5,Adds luxury sparkle between 12mm/15mm silicone beads.,2026-10-06T09:30:00Z,Pam Beesley,PHOTO-SPACERS-01.jpg
SPC-RON-8MM-GLD,bead,Rhinestone Rondelle Spacer Bead 8mm - Gold,Zinc Alloy / Crystal Rhinestone,8,2.2,Gold / Clear Crystal,Faceted Wheel Ring,,piece,1,BIN-BEAD-13,1450,0,0,160,GlamBeadWholesale,GBW-RON-08-GLD,6,USD,0.5,Adds luxury sparkle between 12mm/15mm silicone beads.,2026-10-06T09:30:00Z,Pam Beesley,PHOTO-SPACERS-01.jpg
ALPH-SIL-WHT-BLK,bead,Cube Silicone Alphabet Bead 12mm - White with Black Letter,Food-Grade Silicone,12,2.5,White / Black,Molded Square Letter,,piece,1,BIN-ALPH-01,2400,0,0,250,AlphabetSiliconeCo,ASC-CUB-12-WB,8,USD,1.4,Pooled assortment (A-Z). Fits 2.5mm mandrel and cord.,2026-10-06T09:30:00Z,Pam Beesley,PHOTO-ALPHABET-01.jpg
ALPH-SIL-PST-WHT,bead,Cube Silicone Alphabet Bead 12mm - Pastel Multi with White Letter,Food-Grade Silicone,12,2.5,Pastel Mix / White,Molded Square Letter,,piece,1,BIN-ALPH-02,2100,0,0,220,AlphabetSiliconeCo,ASC-CUB-12-PW,8,USD,1.4,Pooled assortment (A-Z). Fits 2.5mm mandrel and cord.,2026-10-06T09:30:00Z,Pam Beesley,PHOTO-ALPHABET-01.jpg
TOOL-SCIS-BLUNT,tool,Kid-Safe Stainless Precision Craft Scissors (Blunt 5-inch),Stainless Steel / ABS Plastic,127,0.0,Mint Green / White,Blunt Tip Safety Shears,,piece,1,BIN-TOOL-01,95,0,0,10,SchoolCraftDirect,SCD-SCI-5B-MNT,120,USD,28.0,Host kit shared equipment. Rounded tip prevents accidents.,2026-10-06T09:30:00Z,Pam Beesley,PHOTO-TOOLS-01.jpg
TOOL-TRAY-6COMP,tool,Silicone Bead Sorting & Design Tray (6-Compartment),Food-Grade Silicone,180,0.0,Dusty Rose,Flower Shaped 6-Well,,piece,1,BIN-TOOL-02,110,0,0,12,SiliconeCraftsUSA,SCU-TRY-FLW-ROSE,140,USD,55.0,Host kit shared equipment. Non-slip, stops bead rolls.,2026-10-06T09:30:00Z,Pam Beesley,PHOTO-TOOLS-01.jpg
TOOL-TAPE-MEAS,tool,Retractable Soft Tailor Tape Measure (60-inch / 150cm),Fiberglass / ABS Plastic,50,0.0,Pastel Mint,Push-button Retractable,,piece,1,BIN-TOOL-03,60,0,0,8,SchoolCraftDirect,SCD-TAP-60-MNT,45,USD,22.0,Host kit shared equipment. For sizing wrists.,2026-10-06T09:30:00Z,Pam Beesley,PHOTO-TOOLS-01.jpg
PKG-BAG-ORG-4X6,packaging,Shimmer Organza Gift Pouch (4x6 inch / 10x15cm),Sheer Organza / Satin Ribbon,150,0.0,White Shimmer,Drawstring Keepsake Pouch,,piece,1,BIN-PKG-01,1500,0,0,180,PackagingWorldDirect,PWD-ORG-4X6-WHT,10,USD,2.2,Individual guest gift packaging (1 per guest).,2026-10-06T09:30:00Z,Pam Beesley,PHOTO-PACKAGING-01.jpg
PKG-BOX-KRAFT-12X9,packaging,Luxury Kraft Party Kit Presentation Box with Sleeve,E-Flute Corrugated / Kraft,305,0.0,Natural Kraft / Mint,Foldable Mailer Box (12x9x4),,piece,1,BIN-PKG-02,140,0,0,20,CustomBoxMakers,CBM-KFT-12X9X4,210,USD,210.0,Master box holding all 15-guest party kit materials.,2026-10-06T09:30:00Z,Pam Beesley,PHOTO-PACKAGING-02.jpg
PKG-BOX-MAILER-7X5,packaging,Mystery Craft Box Rigid Mailer (7x5x2 inch),E-Flute Corrugated / White,178,0.0,White / Purple Branding,Tab Locking Mailer (7x5x2),,piece,1,BIN-PKG-03,260,0,0,30,CustomBoxMakers,CBM-WHT-7X5X2,85,USD,85.0,Sealed unit box for Mystery Maker & Bestie Duo.,2026-10-06T09:30:00Z,Pam Beesley,PHOTO-PACKAGING-02.jpg
PKG-CARD-INSTR-SET,packaging,Full-Color Laminated Guest Step-by-Step Instruction Cards,350gsm Silk Cardstock / Matte Lam,150,0.0,Full Color,3-Project Guide (15-pack),,pack,1,BIN-PKG-04,120,0,0,15,PrintProLocal,PPL-CRD-15PK-CLR,120,USD,115.0,15 cards per pack (1 per guest) with diagrams.,2026-10-06T09:30:00Z,Pam Beesley,PHOTO-PACKAGING-03.jpg
PKG-GUIDE-HOST-MSTR,packaging,Host Master Planner Guide & Party Activity Checklist,80lb Gloss Book / Staple Bound,216,0.0,Full Color,Host Master Booklet (12 pages),,piece,1,BIN-PKG-05,130,0,0,15,PrintProLocal,PPL-BKT-HOST-MSTR,60,USD,42.0,1 host booklet per kit with knot-tying and time tips.,2026-10-06T09:30:00Z,Pam Beesley,PHOTO-PACKAGING-03.jpg
